kl_divergence,mean_ratio_initial_iter,median_ratio_initial_iter,pairwise_hd_aver,mean_hd_from_CreiLOV,fitness_advantage,total_reward,ppo_loss_initial_iter,num_muts,aver_num_masks_to_add_muts,batch_size,epoch,step,rel_WT_fitness,max_norm
0.0,1.0,1.0,7.0,5.0,0.4630306363105774,0.4630376398563385,-0.462890625,5.0,4.5,2.0,0,0,,
,,,,,,,,,,,0,0,0.4630306363105774,0.291309118270874
0.030059661716222763,1.0546875,1.03125,7.333333492279053,5.0,1.1103698015213013,1.1103771924972534,-1.09375,5.0,4.666666507720947,3.0,1,1,,
,,,,,,,,,,,1,1,1.1103698015213013,0.41002947092056274
