train_loss,epoch,step,max_norm
3.1523184776306152,0,0,
2.42891788482666,0,1,
1.6439809799194336,0,2,
1.462766408920288,0,3,
1.1856286525726318,0,4,
0.9515349268913269,0,5,
0.8663598895072937,0,6,
0.696577250957489,0,7,
0.9510225057601929,0,8,
0.8650591969490051,0,9,
,0,9,0.6547785997390747
