train_loss,epoch,step,max_norm
3.6602158546447754,0,0,
1.0854930877685547,0,1,
0.6029943227767944,0,2,
0.8138427734375,0,3,
0.8693255186080933,0,4,
0.6773542761802673,0,5,
,0,5,1.4597214460372925
