kl_divergence,mean_ratio_initial_iter,median_ratio_initial_iter,pairwise_hd_aver,mean_hd_from_CreiLOV,fitness_advantage,total_reward,ppo_loss_initial_iter,num_muts,aver_num_masks_to_add_muts,batch_size,epoch,step,rel_WT_fitness,max_norm
0.0,1.0,1.0,19.0,10.0,1.0114381313323975,1.011457085609436,-1.0078125,10.0,13.5,2.0,0,0,,
,,,,,,,,,,,0,0,1.0114381313323975,0.33888542652130127
0.017705313861370087,1.046875,1.078125,18.666667938232422,10.0,0.5676572918891907,0.5676759481430054,-0.58203125,10.0,10.666666984558105,3.0,1,1,,
,,,,,,,,,,,1,1,0.5676572918891907,0.3201373815536499
0.03608952462673187,1.140625,1.1171875,18.0,10.0,0.45392346382141113,0.4539414644241333,-0.470703125,10.0,12.25,4.0,2,2,,
,,,,,,,,,,,2,2,0.45392346382141113,0.31763917207717896
