kl_divergence,mean_ratio_initial_iter,median_ratio_initial_iter,pairwise_hd_aver,mean_hd_from_CreiLOV,fitness_advantage,total_reward,ppo_loss_initial_iter,num_muts,aver_num_masks_to_add_muts,batch_size,epoch,step,rel_WT_fitness,max_norm
0.0,0.99609375,1.0,22.0,15.0,0.8965511918067932,0.8965731859207153,-0.8984375,15.0,12.0,2.0,0,0,,
,,,,,,,,,,,0,0,0.8965511918067932,0.4710884690284729
0.011343978345394135,1.046875,1.0,21.0,15.0,0.8301888108253479,0.8302097916603088,-0.84375,15.0,12.0,3.0,1,1,,
,,,,,,,,,,,1,1,0.8301888108253479,0.573491632938385
