kl_divergence,mean_ratio_initial_iter,median_ratio_initial_iter,pairwise_hd_aver,mean_hd_from_CreiLOV,fitness_advantage,total_reward,ppo_loss_initial_iter,num_muts,aver_num_masks_to_add_muts,batch_size,epoch,step,rel_WT_fitness,max_norm
0.0,1.0,1.0,17.0,10.0,0.062405943870544434,0.062422942370176315,-0.0625,10.0,14.5,2.0,0,0,,
,,,,,,,,,,,0,0,0.062405943870544434,0.07269487529993057
0.025864416733384132,1.1328125,1.1015625,17.33333396911621,10.0,0.051635291427373886,0.05165262520313263,-0.0537109375,10.0,12.666666984558105,3.0,1,1,,
,,,,,,,,,,,1,1,0.051635291427373886,0.08011048287153244
