train_loss,epoch,step,max_norm
3.410238265991211,0,0,
1.8085315227508545,0,1,
1.1392345428466797,0,2,
1.093097448348999,0,3,
1.2608823776245117,0,4,
1.006562352180481,0,5,
,0,5,0.8367787599563599
