kl_divergence,mean_ratio_initial_iter,median_ratio_initial_iter,pairwise_hd_aver,mean_hd_from_CreiLOV,fitness_advantage,total_reward,ppo_loss_initial_iter,num_muts,aver_num_masks_to_add_muts,batch_size,epoch,step,rel_WT_fitness,max_norm
0.0,1.0,1.0,9.0,5.0,0.17561323940753937,0.17562223970890045,-0.17578125,5.0,5.5,2.0,0,0,,
,,,,,,,,,,,0,0,0.17561323940753937,0.18549151718616486
0.026304807513952255,0.96875,0.96875,9.666666984558105,5.0,0.8920799493789673,0.8920896053314209,-0.8359375,5.0,5.0,3.0,1,1,,
,,,,,,,,,,,1,1,0.8920799493789673,0.5368233919143677
