train_loss,epoch,step,max_norm
3.674189805984497,0,0,
1.0665721893310547,0,1,
0.781858503818512,0,2,
0.8091000318527222,0,3,
0.9596354365348816,0,4,
0.6973974704742432,0,5,
,0,5,1.6725246906280518
