train_loss,epoch,step,max_norm
3.4403109550476074,0,0,
2.6744704246520996,0,1,
1.7331044673919678,0,2,
1.4321359395980835,0,3,
1.1281328201293945,0,4,
1.4171817302703857,0,5,
1.0721228122711182,0,6,
1.669734239578247,0,7,
1.1221600770950317,0,8,
1.3805758953094482,0,9,
,0,9,1.1028318405151367
