kl_divergence,mean_ratio_initial_iter,median_ratio_initial_iter,pairwise_hd_aver,mean_hd_from_CreiLOV,fitness_advantage,total_reward,ppo_loss_initial_iter,num_muts,aver_num_masks_to_add_muts,batch_size,epoch,step,rel_WT_fitness,max_norm
0.0,1.0,1.0,8.0,6.0,0.8922917246818542,0.8922997117042542,-0.890625,6.0,4.0,2.0,0,0,,
,,,,,,,,,,,0,0,0.8922917246818542,1.271830677986145
0.06671507656574249,0.9453125,1.015625,7.333333492279053,6.0,0.8548275828361511,0.8548349142074585,-0.78515625,6.0,4.333333492279053,3.0,1,1,,
,,,,,,,,,,,1,1,0.8548275828361511,1.513351321220398
0.08113391697406769,1.0625,1.0234375,8.0,6.0,0.9266731142997742,0.9266811013221741,-0.9375,6.0,4.25,4.0,2,2,,
,,,,,,,,,,,2,2,0.9266731142997742,1.5755120515823364
0.09109999239444733,1.0546875,1.03125,7.900000095367432,6.0,0.9217547178268433,0.9217626452445984,-0.8984375,6.0,4.0,5.0,3,3,,
,,,,,,,,,,,3,3,0.9217547178268433,1.7775160074234009
