train_loss,epoch,step,max_norm
3.1523184776306152,0,0,
1.9579044580459595,0,1,
1.0448369979858398,0,2,
0.7563103437423706,0,3,
0.4555191099643707,0,4,
0.361002653837204,0,5,
0.3469449281692505,0,6,
0.28555598855018616,0,7,
0.49606913328170776,0,8,
0.40497249364852905,0,9,
,0,9,0.6646081805229187
