train_loss,epoch,step,max_norm
3.389587879180908,0,0,
1.6098144054412842,0,1,
1.2762484550476074,0,2,
,0,2,0.8267250657081604
