kl_divergence,mean_ratio_initial_iter,median_ratio_initial_iter,pairwise_hd_aver,mean_hd_from_CreiLOV,fitness_advantage,total_reward,ppo_loss_initial_iter,num_muts,aver_num_masks_to_add_muts,batch_size,epoch,step,rel_WT_fitness,max_norm
0.0,1.0,1.0,12.0,10.0,0.27633345127105713,0.27634546160697937,-0.275390625,10.0,7.5,2.0,0,0,,
,,,,,,,,,,,0,0,0.27633345127105713,0.12818937003612518
0.010931041091680527,1.0390625,0.99609375,11.333333969116211,10.0,0.3404131829738617,0.340424507856369,-0.345703125,10.0,8.666666984558105,3.0,1,1,,
,,,,,,,,,,,1,1,0.3404131829738617,0.177730992436409
