train_loss,epoch,step,max_norm
4.653779029846191,0,0,
2.1801180839538574,0,1,
1.361527919769287,0,2,
,0,2,0.9394451379776001
