kl_divergence,mean_ratio_initial_iter,median_ratio_initial_iter,pairwise_hd_aver,mean_hd_from_CreiLOV,fitness_advantage,total_reward,ppo_loss_initial_iter,num_muts,aver_num_masks_to_add_muts,batch_size,epoch,step,rel_WT_fitness,max_norm
0.0,1.0,1.0,26.0,15.0,0.7354929447174072,0.7355189323425293,-0.734375,15.0,14.5,2.0,0,0,,
,,,,,,,,,,,0,0,0.7354929447174072,0.45882362127304077
0.018663959577679634,1.09375,1.1015625,24.33333396911621,15.0,0.8805018663406372,0.8805261850357056,-0.92578125,15.0,14.333333015441895,3.0,1,1,,
,,,,,,,,,,,1,1,0.8805018663406372,0.7414281368255615
0.03892191872000694,1.1015625,1.03125,25.166667938232422,15.0,0.9132124185562134,0.9132375717163086,-0.92578125,15.0,15.75,4.0,2,2,,
,,,,,,,,,,,2,2,0.9132124185562134,0.5595754981040955
0.04562396556138992,1.0703125,1.046875,25.200000762939453,15.0,0.8238584399223328,0.8238836526870728,-0.828125,15.0,15.0,5.0,3,3,,
,,,,,,,,,,,3,3,0.8238584399223328,0.6672645211219788
