kl_divergence,mean_ratio_initial_iter,median_ratio_initial_iter,pairwise_hd_aver,mean_hd_from_CreiLOV,fitness_advantage,total_reward,ppo_loss_initial_iter,num_muts,aver_num_masks_to_add_muts,batch_size,epoch,step,rel_WT_fitness,max_norm
0.0,1.0,1.0,18.0,10.0,0.6109104752540588,0.610928475856781,-0.609375,10.0,9.5,2.0,0,0,,
,,,,,,,,,,,0,0,0.6109104752540588,0.9794266819953918
0.011218604631721973,1.03125,1.0078125,15.666666984558105,10.0,0.549348771572113,0.549364447593689,-0.5625,10.0,8.0,3.0,1,1,,
,,,,,,,,,,,1,1,0.549348771572113,1.1457126140594482
