train_loss,epoch,step,max_norm
4.355826377868652,0,0,
2.0995562076568604,0,1,
1.299543857574463,0,2,
,0,2,0.9491572976112366
