train_loss,epoch,step,max_norm
3.674189805984497,0,0,
1.288009762763977,0,1,
0.7569620609283447,0,2,
0.7243102788925171,0,3,
1.0048367977142334,0,4,
0.5845288038253784,0,5,
,0,5,1.4358543157577515
