train_loss,epoch,step,max_norm
3.389587879180908,0,0,
1.3332351446151733,0,1,
1.1606160402297974,0,2,
,0,2,0.8096851706504822
