train_loss,epoch,step,max_norm
4.450339317321777,0,0,
2.222485065460205,0,1,
1.6869122982025146,0,2,
,0,2,0.3948668837547302
