kl_divergence,mean_ratio_initial_iter,median_ratio_initial_iter,pairwise_hd_aver,mean_hd_from_CreiLOV,fitness_advantage,total_reward,ppo_loss_initial_iter,num_muts,aver_num_masks_to_add_muts,batch_size,epoch,step,rel_WT_fitness,max_norm
0.0,1.0,1.0,8.0,6.0,0.920507550239563,0.9205155372619629,-0.921875,6.0,4.5,2.0,0,0,,
,,,,,,,,,,,0,0,0.920507550239563,1.2671047449111938
0.030259791761636734,1.0078125,1.0078125,8.0,6.0,0.781664252281189,0.7816722393035889,-0.7578125,6.0,4.333333492279053,3.0,1,1,,
,,,,,,,,,,,1,1,0.781664252281189,1.3711403608322144
0.05344068259000778,1.1171875,1.0078125,8.0,6.0,0.9266731142997742,0.9266811013221741,-0.9375,6.0,4.25,4.0,2,2,,
,,,,,,,,,,,2,2,0.9266731142997742,1.3639450073242188
0.05773954093456268,1.1015625,1.0078125,7.900000095367432,6.0,0.9306501150131226,0.9306580424308777,-0.921875,6.0,4.0,5.0,3,3,,
,,,,,,,,,,,3,3,0.9306501150131226,1.366524577140808
