train_loss,epoch,step,max_norm
3.154116630554199,0,0,
2.628749370574951,0,1,
2.0108838081359863,0,2,
1.8956263065338135,0,3,
1.5721590518951416,0,4,
1.3150763511657715,0,5,
1.1784312725067139,0,6,
1.2359801530838013,0,7,
1.3372092247009277,0,8,
1.2427603006362915,0,9,
,0,9,0.6317951083183289
