kl_divergence,mean_ratio_initial_iter,median_ratio_initial_iter,pairwise_hd_aver,mean_hd_from_CreiLOV,fitness_advantage,total_reward,ppo_loss_initial_iter,num_muts,aver_num_masks_to_add_muts,batch_size,epoch,step,rel_WT_fitness,max_norm
0.0,0.99609375,1.0,22.0,15.0,0.8965511918067932,0.8965731859207153,-0.8984375,15.0,12.0,2.0,0,0,,
,,,,,,,,,,,0,0,0.8965511918067932,0.4710884690284729
0.011343978345394135,1.046875,1.0,21.0,15.0,0.8301888108253479,0.8302097916603088,-0.84375,15.0,12.0,3.0,1,1,,
,,,,,,,,,,,1,1,0.8301888108253479,0.573491632938385
0.02000507526099682,1.0546875,0.99609375,21.5,15.0,0.9171187877655029,0.9171403050422668,-0.93359375,15.0,12.75,4.0,2,2,,
,,,,,,,,,,,2,2,0.9171187877655029,0.6507189273834229
0.022533999755978584,1.015625,0.99609375,21.5,15.0,0.8451791405677795,0.8452006578445435,-0.83984375,15.0,12.399999618530273,5.0,3,3,,
,,,,,,,,,,,3,3,0.8451791405677795,0.7345354557037354
