train_loss,epoch,step,max_norm
3.5608723163604736,0,0,
2.5746819972991943,0,1,
1.6828094720840454,0,2,
1.44931960105896,0,3,
1.159932017326355,0,4,
1.5113428831100464,0,5,
1.2003504037857056,0,6,
1.888758897781372,0,7,
1.2252358198165894,0,8,
1.5054175853729248,0,9,
,0,9,0.5616893172264099
