train_loss,epoch,step,max_norm
4.037690162658691,0,0,
1.5418472290039062,0,1,
1.1315429210662842,0,2,
,0,2,0.5933995246887207
