train_loss,epoch,step,max_norm
4.092534065246582,0,0,
2.11380934715271,0,1,
1.3843514919281006,0,2,
,0,2,1.044844627380371
