train_loss,epoch,step,max_norm
2.832731246948242,0,0,
0.9233525991439819,0,1,
0.8260032534599304,0,2,
,0,2,0.6854299902915955
