train_loss,epoch,step,max_norm
3.410238265991211,0,0,
1.0923035144805908,0,1,
0.6769214272499084,0,2,
0.9392796754837036,0,3,
1.019901990890503,0,4,
0.7171382308006287,0,5,
,0,5,1.243388056755066
