train_loss,epoch,step,max_norm
3.439301013946533,0,0,
2.5704526901245117,0,1,
1.6895177364349365,0,2,
1.4517239332199097,0,3,
1.1117700338363647,0,4,
1.4310057163238525,0,5,
1.06511652469635,0,6,
1.728925347328186,0,7,
1.0613534450531006,0,8,
1.2643342018127441,0,9,
,0,9,0.766791045665741
