kl_divergence,mean_ratio_initial_iter,median_ratio_initial_iter,pairwise_hd_aver,mean_hd_from_CreiLOV,fitness_advantage,total_reward,ppo_loss_initial_iter,num_muts,aver_num_masks_to_add_muts,batch_size,epoch,step,rel_WT_fitness,max_norm
0.0,1.0,1.0,22.0,12.0,0.6856270432472229,0.685649037361145,-0.6875,12.0,12.0,2.0,0,0,,
,,,,,,,,,,,0,0,0.6856270432472229,1.0094777345657349
0.015987461432814598,1.046875,1.0078125,20.0,12.0,0.5422418713569641,0.5422618985176086,-0.5625,12.0,10.0,2.0,1,1,,
,,,,,,,,,,,1,1,0.5422418713569641,1.1835711002349854
