train_loss,epoch,step,max_norm
3.679312229156494,0,0,
1.263511300086975,0,1,
0.6748670339584351,0,2,
0.8010050654411316,0,3,
0.7893527150154114,0,4,
0.6715279817581177,0,5,
,0,5,1.4632014036178589
