train_loss,epoch,step,max_norm
6.015695095062256,0,0,
,0,0,0.5091031193733215
