train_loss,epoch,step,max_norm
3.4742531776428223,0,0,
2.59997296333313,0,1,
1.6888421773910522,0,2,
1.4183039665222168,0,3,
1.0000157356262207,0,4,
1.3706138134002686,0,5,
1.0988667011260986,0,6,
1.6757396459579468,0,7,
1.1011147499084473,0,8,
1.5562816858291626,0,9,
,0,9,0.621056318283081
