train_loss,epoch,step,max_norm
4.688240051269531,0,0,
2.192284345626831,0,1,
1.3689762353897095,0,2,
,0,2,0.9366233348846436
