train_loss,epoch,step,max_norm
4.450339317321777,0,0,
1.2200006246566772,0,1,
1.302141785621643,0,2,
,0,2,0.5403230786323547
