train_loss,epoch,step,max_norm
3.410238265991211,0,0,
0.9741827249526978,0,1,
1.14817476272583,0,2,
0.913460373878479,0,3,
0.8239827156066895,0,4,
0.535260796546936,0,5,
,0,5,1.7267355918884277
