train_loss,epoch,step,max_norm
2.832731246948242,0,0,
1.3642399311065674,0,1,
1.1928973197937012,0,2,
,0,2,0.6378731727600098
