train_loss,epoch,step,max_norm
3.679312229156494,0,0,
1.042223572731018,0,1,
0.6279026865959167,0,2,
0.8837915658950806,0,3,
1.167878270149231,0,4,
0.7929413318634033,0,5,
,0,5,1.6734843254089355
