kl_divergence,mean_ratio_initial_iter,median_ratio_initial_iter,pairwise_hd_aver,mean_hd_from_CreiLOV,fitness_advantage,total_reward,ppo_loss_initial_iter,num_muts,aver_num_masks_to_add_muts,batch_size,epoch,step,rel_WT_fitness,max_norm
0.0,1.0,1.0,6.0,6.0,0.9102001786231995,0.9102061986923218,-0.91015625,6.0,3.0,2.0,0,0,,
,,,,,,,,,,,0,0,0.9102001786231995,0.7739420533180237
0.012073943391442299,0.98828125,0.96875,7.6666669845581055,6.0,0.8633464574813843,0.8633541464805603,-0.84375,6.0,4.666666507720947,3.0,1,1,,
,,,,,,,,,,,1,1,0.8633464574813843,0.8490094542503357
0.026491442695260048,1.0625,0.99609375,7.833333492279053,6.0,0.8927623629570007,0.8927701711654663,-0.8984375,6.0,4.25,4.0,2,2,,
,,,,,,,,,,,2,2,0.8927623629570007,0.9925087094306946
0.033017225563526154,0.9765625,0.9921875,7.900000095367432,6.0,0.9253082275390625,0.9253161549568176,-0.890625,6.0,4.199999809265137,5.0,3,3,,
,,,,,,,,,,,3,3,0.9253082275390625,1.2022130489349365
