kl_divergence,mean_ratio_initial_iter,median_ratio_initial_iter,pairwise_hd_aver,mean_hd_from_CreiLOV,fitness_advantage,total_reward,ppo_loss_initial_iter,num_muts,aver_num_masks_to_add_muts,batch_size,epoch,step,rel_WT_fitness,max_norm
0.0,1.0,1.0,10.0,10.0,0.5337936282157898,0.5338036417961121,-0.53515625,10.0,9.0,2.0,0,0,,
,,,,,,,,,,,0,0,0.5337936282157898,0.28185954689979553
0.036231618374586105,1.03125,1.0,10.0,10.0,0.6036859750747681,0.6036959886550903,-0.59375,10.0,8.0,3.0,1,1,,
,,,,,,,,,,,1,1,0.6036859750747681,0.2165316343307495
0.06825997680425644,1.09375,1.0,11.333333969116211,10.0,0.5254159569740295,0.5254272818565369,-0.5234375,10.0,8.75,4.0,2,2,,
,,,,,,,,,,,2,2,0.5254159569740295,0.29815930128097534
