train_loss,epoch,step,max_norm
4.037690162658691,0,0,
2.3170735836029053,0,1,
1.734484076499939,0,2,
,0,2,0.43866461515426636
