MSE,Pearson R,Spearman's Rho
0.005030826998450159,0.939799242905611,0.9326220808634759
